state,FIPS_state,year,renting_hh,filings_estimate,filings_ci_95_lower,filings_ci_95_upper,ind_filings_court_issued,ind_filings_court_issued_LT,hh_threat_estimate,hh_threat_95_lower,hh_threat_95_upper
Alabama,01,2000,478375,17636,17636,17636,1,0,16815,15968,17281
Alabama,01,2001,487658,18248,18248,18248,1,0,17329,16401,17849
Alabama,01,2002,496940,18748,18748,18748,1,0,17846,16928,18353
Alabama,01,2003,506223,19962,19962,19962,1,0,18975,17937,19530
Alabama,01,2004,515506,19828,19828,19828,1,0,18984,18074,19466
Alabama,01,2005,524789,18563,18563,18563,1,0,17902,17185,18284
Alabama,01,2006,534071,19337,19337,19337,1,0,18618,17874,19025
Alabama,01,2007,543354,18965,18965,18965,1,0,18247,17499,18651
Alabama,01,2008,552637,21081,21081,21081,1,0,20197,19244,20709
Alabama,01,2009,561919,20178,20178,20178,1,0,19316,18369,19820
Alabama,01,2010,571202,21035,21035,21035,1,0,20145,19168,20669
Alabama,01,2011,579881,22280,22280,22280,1,0,21320,20297,21873
Alabama,01,2012,588560,22633,22633,22633,1,0,21665,20624,22229
Alabama,01,2013,597239,23809,23809,23809,1,0,22736,21598,23354
Alabama,01,2014,605917,24159,24159,24159,1,0,23027,21806,23678
Alabama,01,2015,614596,24339,24339,24339,1,0,23137,21853,23833
Alabama,01,2016,623275,25191,25191,25191,1,0,23912,22562,24651
Alabama,01,2017,631954,25426,25426,25426,1,0,24159,22943,24795
Alabama,01,2018,640633,24251,21745,27006,0,,23078,20648,25736
Alaska,02,2000,83091,2022,1533,2650,0,,1865,1387,2443
Alaska,02,2001,84311,2324,1755,3045,0,,2113,1570,2753
Alaska,02,2002,85531,2402,1815,3146,0,,2190,1624,2909
Alaska,02,2003,86752,2386,1817,3127,0,,2182,1649,2821
Alaska,02,2004,87972,2379,1803,3139,0,,2209,1673,2913
Alaska,02,2005,89192,2517,1952,3282,0,,2340,1801,3002
Alaska,02,2006,90412,2706,2065,3537,0,,2499,1912,3230
Alaska,02,2007,91632,3152,3146,3169,0,,2875,2433,3088
Alaska,02,2008,92853,2771,2766,2789,0,,2545,2163,2721
Alaska,02,2009,94073,2815,2810,2831,0,,2583,2203,2764
Alaska,02,2010,95293,2555,2550,2573,0,,2366,2044,2515
Alaska,02,2011,96895,2713,2708,2732,0,,2505,2162,2668
Alaska,02,2012,98497,2715,2710,2732,0,,2505,2157,2669
Alaska,02,2013,100099,2774,2769,2792,0,,2557,2194,2727
Alaska,02,2014,101701,2890,2885,2907,0,,2656,2272,2838
Alaska,02,2015,103303,2889,2884,2906,0,,2631,2208,2830
Alaska,02,2016,104905,2885,2880,2902,0,,2642,2245,2829
Alaska,02,2017,106507,2927,2236,3804,0,,2684,2041,3489
Alaska,02,2018,108109,2718,2124,3467,0,,2508,1938,3176
Arizona,04,2000,607771,96719,73706,125633,0,,73964,56431,94174
Arizona,04,2001,627924,97360,91733,104297,0,,72182,68193,76951
Arizona,04,2002,648077,98070,92866,104716,0,,74224,70315,79045
Arizona,04,2003,668231,102206,96743,109012,0,,78743,74597,83410
Arizona,04,2004,688384,103453,103453,103453,1,0,80610,80187,80853
Arizona,04,2005,708537,109018,109018,109018,1,0,85532,84985,85867
Arizona,04,2006,728690,107912,107912,107912,1,0,87826,79321,94329
Arizona,04,2007,748843,106339,106339,106339,1,0,85594,76677,92438
Arizona,04,2008,768997,102435,102435,102435,1,0,83065,74691,89605
Arizona,04,2009,789150,84713,84713,84713,1,0,70018,63588,74961
Arizona,04,2010,809303,81218,81218,81218,1,0,68304,62562,72666
Arizona,04,2011,833110,83201,83201,83201,1,0,70307,64482,74567
Arizona,04,2012,856917,83924,83924,83924,1,0,74456,74092,74676
Arizona,04,2013,880725,85607,85607,85607,1,0,75652,75264,75893
Arizona,04,2014,904532,85320,85320,85320,1,0,71723,64423,77378
Arizona,04,2015,928339,79856,79856,79856,1,0,68129,62219,72595
Arizona,04,2016,952146,80596,80596,80596,1,0,67966,62195,72349
Arizona,04,2017,975953,84905,84905,84905,1,0,70983,64633,75756
Arizona,04,2018,999760,84989,64681,110637,0,,71235,55104,91045
Arkansas,05,2000,319161,2264,1865,2738,0,,2197,1812,2662
Arkansas,05,2001,325138,2565,2110,3116,0,,2477,2024,2995
Arkansas,05,2002,331114,2761,2261,3353,0,,2667,2183,3250
Arkansas,05,2003,337091,2791,2310,3404,0,,2702,2232,3272
Arkansas,05,2004,343068,2849,2347,3516,0,,2762,2269,3406
Arkansas,05,2005,349044,3080,2559,3702,0,,2995,2490,3596
Arkansas,05,2006,355021,3059,2562,3649,0,,2986,2495,3552
Arkansas,05,2007,360998,3096,2586,3684,0,,3013,2517,3589
Arkansas,05,2008,366975,3110,2616,3715,0,,3030,2554,3623
Arkansas,05,2009,372951,2888,2402,3474,0,,2808,2329,3387
Arkansas,05,2010,378928,3061,2558,3643,0,,2978,2487,3554
Arkansas,05,2011,386129,2944,2458,3523,0,,2866,2402,3444
Arkansas,05,2012,393331,2911,2437,3470,0,,2839,2359,3404
Arkansas,05,2013,400532,2988,2506,3556,0,,2915,2435,3475
Arkansas,05,2014,407733,3210,2682,3864,0,,3120,2598,3745
Arkansas,05,2015,414935,3547,3222,3922,0,,3426,3046,3825
Arkansas,05,2016,422136,3943,3602,4333,0,,3785,3350,4206
Arkansas,05,2017,429337,4256,3909,4664,0,,4073,3614,4517
Arkansas,05,2018,436539,4726,4385,5126,0,,4508,4012,4980
California,06,2000,4956536,157225,133904,185708,0,,152359,130565,178562
California,06,2001,5015095,175805,150813,205717,0,,168942,144945,196142
California,06,2002,5073654,178246,165278,192686,0,,172097,159906,185881
California,06,2003,5132213,187620,161448,219244,0,,180748,156071,209473
California,06,2004,5190772,180224,166516,194898,0,,175062,161486,189673
California,06,2005,5249332,159652,150203,170133,0,,155609,146231,165879
California,06,2006,5307891,158680,149503,169006,0,,154698,145216,164601
California,06,2007,5366450,174709,164231,185819,0,,169442,159289,180164
California,06,2008,5425009,202053,190415,214444,0,,195389,183608,207715
California,06,2009,5483568,214945,201851,229927,0,,207435,194299,222520
California,06,2010,5542127,221841,221768,221938,0,,214775,209794,218045
California,06,2011,5610344,216043,215959,216143,0,,209188,204189,212458
California,06,2012,5678561,190911,190911,190911,1,0,185536,181718,188052
California,06,2013,5746778,174791,174791,174791,1,0,170097,166731,172252
California,06,2014,5814995,167694,167663,167734,0,,163181,159993,165255
California,06,2015,5883212,156594,156594,156594,1,0,152409,149351,154408
California,06,2016,5951429,147446,147446,147446,1,0,143464,140516,145405
California,06,2017,6019646,137051,137051,137051,1,0,133533,131219,135064
California,06,2018,6087863,132901,116939,151322,0,,129639,114291,147049
Colorado,08,2000,542101,34679,30347,39476,0,,28342,24255,32548
Colorado,08,2001,555868,45451,42943,48705,0,,34929,30933,38724
Colorado,08,2002,569634,51185,48572,54590,0,,38526,33097,43320
Colorado,08,2003,583401,52955,50155,56468,0,,40688,36093,45112
Colorado,08,2004,597168,56261,53394,60020,0,,44020,39187,48375
Colorado,08,2005,610935,59377,56547,63158,0,,47836,43157,52450
Colorado,08,2006,624701,60561,57650,64290,0,,48995,44622,52924
Colorado,08,2007,638468,60091,57165,63955,0,,47243,40955,52522
Colorado,08,2008,652235,54899,51963,58792,0,,44111,38610,49054
Colorado,08,2009,666001,52785,52785,52785,1,0,42819,38941,45917
Colorado,08,2010,679768,52480,52468,52494,0,,43776,42124,45013
Colorado,08,2011,698339,51093,51093,51093,1,0,42634,41126,43811
Colorado,08,2012,716911,49123,49123,49123,1,0,41062,39615,42194
Colorado,08,2013,735482,46056,46056,46056,1,0,38325,35196,40725
Colorado,08,2014,754053,45871,45871,45871,1,0,37930,34741,40376
Colorado,08,2015,772625,44920,44920,44920,1,0,36831,33585,39334
Colorado,08,2016,791196,46480,46480,46480,1,0,35929,35524,36209
Colorado,08,2017,809767,48734,45957,52313,0,,37939,35809,40587
Colorado,08,2018,828339,56853,50043,64501,0,,45555,38597,52616
Connecticut,09,2000,431941,16294,12634,20529,0,,15853,12361,19906
Connecticut,09,2001,433327,20697,16409,25903,0,,19966,15946,24975
Connecticut,09,2002,434713,19138,15469,23511,0,,18511,15017,22671
Connecticut,09,2003,436099,21261,16798,26472,0,,20561,16419,25612
Connecticut,09,2004,437485,19451,15550,24066,0,,18918,15124,23268
Connecticut,09,2005,438871,20550,17296,24477,0,,20014,16959,23655
Connecticut,09,2006,440257,20455,20144,20795,0,,19889,19586,20229
Connecticut,09,2007,441643,21685,21351,22047,0,,21086,20762,21442
Connecticut,09,2008,443029,22258,21920,22619,0,,21647,21317,21999
Connecticut,09,2009,444415,19941,19640,20261,0,,19443,19148,19755
Connecticut,09,2010,445801,19735,19422,20073,0,,19253,18940,19568
Connecticut,09,2011,452820,19945,19627,20295,0,,19437,19130,19766
Connecticut,09,2012,459840,20272,19947,20619,0,,19701,19387,20041
Connecticut,09,2013,466859,20653,20332,21019,0,,20192,19885,20553
Connecticut,09,2014,473878,21633,21286,22018,0,,21074,20741,21434
Connecticut,09,2015,480898,22566,22212,22956,0,,21937,21596,22314
Connecticut,09,2016,487917,21480,21480,21480,1,0,20899,20849,20933
Connecticut,09,2017,494936,20900,20900,20900,1,0,20251,20251,20251
Connecticut,09,2018,501956,19978,19978,19978,1,0,19442,19442,19442
Delaware,10,2000,82698,12809,9959,16344,0,,9294,7149,11874
Delaware,10,2001,83985,13898,10457,18181,0,,9700,7263,12756
Delaware,10,2002,85273,14726,12069,18042,0,,10338,8029,13061
Delaware,10,2003,86560,14773,14594,14956,1,1,10463,8554,12068
Delaware,10,2004,87848,14478,13325,15742,0,,10751,8903,12369
Delaware,10,2005,89135,16711,16508,16917,1,1,12545,10512,14170
Delaware,10,2006,90423,17807,17591,18028,1,1,13179,10976,14967
Delaware,10,2007,91710,18232,18011,18458,1,1,13167,10812,15081
Delaware,10,2008,92998,17800,17584,18020,1,1,12975,10730,14825
Delaware,10,2009,94286,18346,18124,18573,1,1,13902,13736,14073
Delaware,10,2010,95573,17677,17463,17896,1,1,12734,12582,12891
Delaware,10,2011,97525,19613,19376,19856,1,1,14118,13950,14293
Delaware,10,2012,99477,19226,18993,19464,1,1,13760,13596,13930
Delaware,10,2013,101429,18912,18683,19146,1,1,13384,13225,13549
Delaware,10,2014,103380,19195,18963,19433,1,1,13575,13413,13743
Delaware,10,2015,105332,18254,18033,18480,1,1,12602,12452,12758
Delaware,10,2016,107284,17792,17577,18012,1,1,12459,12310,12612
Delaware,10,2017,109236,17659,17445,17877,1,1,12736,12585,12893
Delaware,10,2018,111188,17668,17454,17886,1,1,12569,12419,12724
District Of Columbia,11,2000,147124,41522,27025,61787,0,,24142,16223,34012
District Of Columbia,11,2001,147877,44650,29265,66132,0,,24556,16839,34834
District Of Columbia,11,2002,148630,48572,47984,49172,1,1,26926,20049,33796
District Of Columbia,11,2003,149382,46899,46332,47479,1,1,26616,19881,33104
District Of Columbia,11,2004,150135,48213,47630,48809,1,1,29021,22135,35411
District Of Columbia,11,2005,150888,44895,44351,45449,1,1,27235,20812,33200
District Of Columbia,11,2006,151641,45502,44951,46064,1,1,27751,27420,28092
District Of Columbia,11,2007,152394,45612,45060,46176,1,1,24723,24429,25028
District Of Columbia,11,2008,153146,43823,43293,44365,1,1,25288,24987,25600
District Of Columbia,11,2009,153899,41518,41015,42031,1,1,25192,24892,25502
District Of Columbia,11,2010,154652,35404,34975,35841,1,1,21998,21736,22269
District Of Columbia,11,2011,158064,34287,33872,34711,1,1,19670,19436,19912
District Of Columbia,11,2012,161475,36603,36160,37055,1,1,20895,20646,21152
District Of Columbia,11,2013,164887,32198,31809,32596,1,1,20083,15543,24229
District Of Columbia,11,2014,168298,34299,33884,34723,1,1,20795,15922,25332
District Of Columbia,11,2015,171710,32665,32270,33069,1,1,19651,15067,23937
District Of Columbia,11,2016,175121,33433,33029,33846,1,1,19645,19411,19887
District Of Columbia,11,2017,178533,31130,30753,31515,1,1,18795,14359,22920
District Of Columbia,11,2018,181944,31278,30900,31665,1,1,18238,18021,18463
Florida,12,2000,1896130,122578,122530,122640,0,,104010,98501,108273
Florida,12,2001,1948699,130048,129992,130121,0,,106138,100806,110312
Florida,12,2002,2001269,135930,135862,136020,0,,112271,106749,116635
Florida,12,2003,2053838,142389,142317,142485,0,,119182,113980,123220
Florida,12,2004,2106407,153765,153765,153765,1,0,135370,130085,139312
Florida,12,2005,2158977,164064,164064,164064,1,0,145871,139522,150702
Florida,12,2006,2211546,164547,164547,164547,1,0,144811,140712,147849
Florida,12,2007,2264115,166522,166522,166522,1,0,146593,139492,151735
Florida,12,2008,2316685,159117,159104,159132,0,,141158,134577,146101
Florida,12,2009,2369254,135594,135594,135594,1,0,120636,115383,124583
Florida,12,2010,2421823,139698,139698,139698,1,0,124526,118639,128897
Florida,12,2011,2505236,144370,144370,144370,1,0,129956,124288,134214
Florida,12,2012,2588650,147599,147599,147599,1,0,132684,126660,137116
Florida,12,2013,2672063,148870,148870,148870,1,0,133141,126492,137998
Florida,12,2014,2755476,145545,145545,145545,1,0,131238,125956,135136
Florida,12,2015,2838890,137566,137544,137595,0,,122248,119746,124044
Florida,12,2016,2922303,133079,133079,133079,1,0,119896,118654,120754
Florida,12,2017,3005716,131575,131575,131575,1,0,119276,114793,122621
Florida,12,2018,3089130,127388,127388,127388,1,0,116592,112517,119597
Georgia,13,2000,977215,197992,182995,214882,0,,141717,117361,163699
Georgia,13,2001,1002612,210499,207865,213494,0,,149557,138612,158983
Georgia,13,2002,1028008,219870,208994,233196,0,,158318,144609,171792
Georgia,13,2003,1053405,233786,231576,236424,0,,168018,155621,179049
Georgia,13,2004,1078802,241186,240248,242262,0,,179721,174769,183730
Georgia,13,2005,1104198,251708,251098,252489,0,,192777,184745,199123
Georgia,13,2006,1129595,263860,263305,264622,0,,201825,193510,208537
Georgia,13,2007,1154992,273766,273139,274568,0,,208240,202783,212687
Georgia,13,2008,1180389,283787,282175,285552,0,,215531,209296,220487
Georgia,13,2009,1205785,263554,262349,264998,0,,202393,196712,206944
Georgia,13,2010,1231182,268646,266694,270809,0,,208178,202473,213057
Georgia,13,2011,1265812,275612,274548,276813,0,,211512,205480,216271
Georgia,13,2012,1300441,272244,270409,274308,0,,206700,200306,212012
Georgia,13,2013,1335071,278604,276582,280863,0,,207908,193923,218960
Georgia,13,2014,1369701,272054,270522,273838,0,,202174,195992,207226
Georgia,13,2015,1404330,266727,266587,266887,0,,193412,187626,198023
Georgia,13,2016,1438960,262235,260284,264518,0,,188538,181190,194533
Georgia,13,2017,1473590,289681,263263,318831,0,,212871,176406,245566
Georgia,13,2018,1508219,283756,258444,311913,0,,211990,177372,243072
Hawaii,15,2000,175352,2122,1577,2821,0,,2034,1523,2687
Hawaii,15,2001,177082,2389,1762,3187,0,,2266,1689,2999
Hawaii,15,2002,178813,2443,1811,3267,0,,2316,1733,3086
Hawaii,15,2003,180543,2526,1911,3367,0,,2404,1829,3203
Hawaii,15,2004,182274,2925,2925,2925,1,0,2791,2674,2862
Hawaii,15,2005,184004,2673,2673,2673,1,0,2566,2470,2623
Hawaii,15,2006,185734,2543,2543,2543,1,0,2446,2362,2499
Hawaii,15,2007,187465,2351,2351,2351,1,0,2260,2180,2310
Hawaii,15,2008,189195,2341,2341,2341,1,0,2253,2177,2301
Hawaii,15,2009,190926,2321,2321,2321,1,0,2230,2154,2279
Hawaii,15,2010,192656,2520,2520,2520,1,0,2422,2340,2476
Hawaii,15,2011,194245,2920,2920,2920,1,0,2795,2698,2861
Hawaii,15,2012,195835,2462,2462,2462,1,0,2371,2294,2421
Hawaii,15,2013,197424,2540,2540,2540,1,0,2444,2366,2495
Hawaii,15,2014,199013,2460,2460,2460,1,0,2366,2287,2417
Hawaii,15,2015,200603,2245,2245,2245,1,0,2160,2088,2206
Hawaii,15,2016,202192,2209,2209,2209,1,0,2125,2061,2167
Hawaii,15,2017,203781,2436,1885,3145,0,,2328,1818,2974
Hawaii,15,2018,205371,2476,2476,2476,1,0,2377,2372,2379
Idaho,16,2000,129685,3786,1361,8119,0,,3533,1270,7285
Idaho,16,2001,134167,4363,1608,9189,0,,4044,1507,8223
Idaho,16,2002,138649,4664,1730,9678,0,,4325,1658,8901
Idaho,16,2003,143131,4731,1753,9884,0,,4390,1673,8922
Idaho,16,2004,147613,4962,1872,10321,0,,4646,1771,9549
Idaho,16,2005,152095,5354,1991,11161,0,,5048,1911,10372
Idaho,16,2006,156577,5497,2091,11440,0,,5163,1971,10607
Idaho,16,2007,161059,5370,2040,11148,0,,5032,1941,10209
Idaho,16,2008,165541,5498,2107,11443,0,,5153,2005,10568
Idaho,16,2009,170023,5429,2049,11167,0,,5071,1951,10261
Idaho,16,2010,174505,5583,2139,11421,0,,5244,2019,10612
Idaho,16,2011,179154,5861,2259,12288,0,,5499,2133,11316
Idaho,16,2012,183802,5779,2195,11817,0,,5436,2069,11000
Idaho,16,2013,188451,5946,2293,12330,0,,5588,2166,11544
Idaho,16,2014,193099,5982,2303,12263,0,,5604,2187,11291
Idaho,16,2015,197748,5833,2225,12074,0,,5456,2108,10977
Idaho,16,2016,202396,5885,2270,12126,0,,5491,2119,11102
Idaho,16,2017,207045,5637,2159,11734,0,,5277,2047,10793
Idaho,16,2018,211693,5405,2040,11148,0,,5080,1934,10266
Illinois,17,2000,1502895,56432,48030,65785,0,,51523,42652,60505
Illinois,17,2001,1509939,63202,60500,66104,0,,57189,49936,62142
Illinois,17,2002,1516983,60076,57639,62752,0,,54924,48769,59189
Illinois,17,2003,1524026,58740,56165,61625,0,,53994,47897,58242
Illinois,17,2004,1531070,58415,55760,61414,0,,54398,48965,58417
Illinois,17,2005,1538114,56425,53868,59318,0,,53121,48626,56632
Illinois,17,2006,1545158,57511,55033,60204,0,,54035,49277,57725
Illinois,17,2007,1552202,60765,58249,63536,0,,56661,51391,60478
Illinois,17,2008,1559245,59907,57634,62558,0,,55990,50887,59623
Illinois,17,2009,1566289,58719,56215,61435,0,,54762,49625,58497
Illinois,17,2010,1573333,57005,54486,59788,0,,53420,48683,56848
Illinois,17,2011,1596420,58626,56052,61501,0,,54842,49817,58606
Illinois,17,2012,1619506,59560,56998,62445,0,,55706,50791,59567
Illinois,17,2013,1642593,57288,54659,60072,0,,53703,48949,57259
Illinois,17,2014,1665679,53442,50938,56228,0,,50262,46023,53712
Illinois,17,2015,1688766,49148,46745,51831,0,,46261,42351,49427
Illinois,17,2016,1711852,54884,47516,63932,0,,51187,43719,60010
Illinois,17,2017,1734939,53286,46252,61827,0,,49918,42964,58238
Illinois,17,2018,1758025,51602,44414,60284,0,,48545,41396,56498
Indiana,18,2000,667145,52310,41168,67755,0,,43568,33161,56146
Indiana,18,2001,675848,60322,47559,78123,0,,48748,36766,62892
Indiana,18,2002,684552,66909,52574,86544,0,,53773,40484,69171
Indiana,18,2003,693255,69297,53772,91691,0,,55591,41479,72569
Indiana,18,2004,701958,70427,54913,93314,0,,58047,43900,76285
Indiana,18,2005,710662,71757,56429,93336,0,,60713,47049,77758
Indiana,18,2006,719365,71993,56064,94921,0,,60771,46798,79341
Indiana,18,2007,728069,73386,56727,95915,0,,61076,46124,78923
Indiana,18,2008,736772,71816,56338,93579,0,,60195,45969,76957
Indiana,18,2009,745476,68009,52724,90359,0,,56924,43732,74624
Indiana,18,2010,754179,68158,53457,89464,0,,58028,44891,75340
Indiana,18,2011,767072,70245,55003,91845,0,,59908,46057,77810
Indiana,18,2012,779964,70712,55581,91763,0,,60371,46753,77466
Indiana,18,2013,792857,72192,56735,94203,0,,61459,47513,78839
Indiana,18,2014,805749,73952,57994,96575,0,,62395,47707,80528
Indiana,18,2015,818642,71570,56268,94305,0,,60344,46387,78684
Indiana,18,2016,831534,74853,58713,97736,0,,62643,47423,81251
Indiana,18,2017,844427,74199,58055,97238,0,,62095,48199,80117
Indiana,18,2018,857319,76276,59695,100644,0,,64394,49682,84374
Iowa,19,2000,317857,12935,12935,12935,1,0,11468,9128,12604
Iowa,19,2001,320165,14423,14423,14423,1,0,12624,9861,14013
Iowa,19,2002,322474,13783,13762,13809,0,,12212,9670,13436
Iowa,19,2003,324782,13242,13219,13271,0,,11809,9471,12936
Iowa,19,2004,327091,14038,14038,14038,1,0,12646,10353,13738
Iowa,19,2005,329399,15142,15142,15142,1,0,13756,11376,14844
Iowa,19,2006,331707,15976,15968,15987,0,,14424,11809,15639
Iowa,19,2007,334016,15923,15923,15923,1,0,14289,11612,15568
Iowa,19,2008,336324,15770,15770,15770,1,0,14183,11527,15424
Iowa,19,2009,338633,14445,14445,14445,1,0,13006,10599,14131
Iowa,19,2010,340941,12889,12889,12889,1,0,11770,9802,12652
Iowa,19,2011,346280,12867,12867,12867,1,0,11687,9652,12613
Iowa,19,2012,351620,13030,13030,13030,1,0,11814,9748,12774
Iowa,19,2013,356959,13415,13415,13415,1,0,12181,10100,13150
Iowa,19,2014,362298,13793,13793,13793,1,0,12482,10230,13511
Iowa,19,2015,367638,13986,13939,14043,0,,12554,10185,13669
Iowa,19,2016,372977,15759,13978,17870,0,,13978,10987,16414
Iowa,19,2017,378316,16114,14221,18360,0,,14314,11311,16886
Iowa,19,2018,383656,16514,14571,18801,0,,14701,11552,17268
Kansas,20,2000,319188,7554,5838,9588,0,,6965,5411,8768
Kansas,20,2001,323126,10066,7770,12882,0,,9106,7050,11525
Kansas,20,2002,327063,11041,8535,14128,0,,9955,7672,12674
Kansas,20,2003,331001,11426,8849,14576,0,,10331,8025,13128
Kansas,20,2004,334938,12038,9191,15383,0,,11004,8477,13929
Kansas,20,2005,338876,13237,10229,16755,0,,12192,9527,15315
Kansas,20,2006,342814,13360,10390,16941,0,,12292,9613,15391
Kansas,20,2007,346751,13592,10541,17204,0,,12430,9703,15495
Kansas,20,2008,350689,13598,10672,17076,0,,12453,9787,15645
Kansas,20,2009,354626,13526,10368,17160,0,,12323,9568,15566
Kansas,20,2010,358564,14030,10821,17725,0,,12826,9997,16171
Kansas,20,2011,364074,14158,10970,17933,0,,12914,10071,16166
Kansas,20,2012,369584,14297,11135,18102,0,,13056,10143,16504
Kansas,20,2013,375095,14202,11029,17827,0,,12947,10106,16167
Kansas,20,2014,380605,14245,11198,17931,0,,12982,10230,16302
Kansas,20,2015,386115,13775,10802,17329,0,,12522,9896,15720
Kansas,20,2016,391625,14213,11755,17319,0,,12909,10722,15563
Kansas,20,2017,397135,13012,10735,15749,0,,11884,9725,14299
Kansas,20,2018,402645,12986,10109,16500,0,,11907,9313,14931
Kentucky,21,2000,465251,35889,35650,36157,0,,28877,25498,31538
Kentucky,21,2001,472595,38684,38453,38956,0,,32579,31367,33496
Kentucky,21,2002,479939,38106,37865,38389,0,,31117,29991,31937
Kentucky,21,2003,487284,37526,37287,37804,0,,30776,30027,31279
Kentucky,21,2004,494628,38516,38431,38608,0,,32119,31033,32880
Kentucky,21,2005,501972,40357,40231,40507,0,,33756,32677,34488
Kentucky,21,2006,509317,40121,39967,40293,0,,33626,32503,34389
Kentucky,21,2007,516661,39737,39623,39880,0,,33256,32022,34083
Kentucky,21,2008,524005,40338,40261,40426,0,,33761,32532,34618
Kentucky,21,2009,531350,37910,37852,37981,0,,31675,30504,32499
Kentucky,21,2010,538694,39348,39310,39397,0,,33062,31924,33863
Kentucky,21,2011,551413,40947,40890,41016,0,,34466,33174,35372
Kentucky,21,2012,564132,40367,40326,40424,0,,34131,32841,35039
Kentucky,21,2013,576852,42530,42472,42604,0,,35705,34411,36638
Kentucky,21,2014,589571,42777,42758,42801,0,,35958,34594,36934
Kentucky,21,2015,602290,41932,41895,41976,0,,35379,34501,35945
Kentucky,21,2016,615009,43019,42993,43049,0,,36723,35280,37767
Kentucky,21,2017,627728,48137,41402,56195,0,,39528,33871,45722
Kentucky,21,2018,640447,48900,41625,57880,0,,40265,34368,46410
Louisiana,22,2000,530918,11753,9179,15042,0,,10220,7818,13125
Louisiana,22,2001,534432,13288,10400,16836,0,,11368,8679,14319
Louisiana,22,2002,537947,13663,10774,17114,0,,11753,9029,14964
Louisiana,22,2003,541461,13656,10704,17289,0,,11803,9099,14982
Louisiana,22,2004,544975,14551,11408,18468,0,,12755,9792,16192
Louisiana,22,2005,548490,15168,12088,18966,0,,13298,10406,16553
Louisiana,22,2006,552004,14572,11590,18234,0,,12871,10092,16336
Louisiana,22,2007,555518,14008,11058,17609,0,,12315,9500,15603
Louisiana,22,2008,559032,14692,11692,18379,0,,12864,10092,16148
Louisiana,22,2009,562547,15203,12365,18567,0,,13158,10344,16359
Louisiana,22,2010,566061,15374,12477,18877,0,,13368,10563,16569
Louisiana,22,2011,585281,15847,12953,19564,0,,13770,10825,17044
Louisiana,22,2012,604501,16371,13322,20105,0,,14251,11379,17522
Louisiana,22,2013,623721,16214,13131,19921,0,,14063,11146,17500
Louisiana,22,2014,642941,16276,12939,20397,0,,14064,10816,17719
Louisiana,22,2015,662161,16592,13112,20771,0,,14216,10943,17981
Louisiana,22,2016,681381,16674,13110,21110,0,,14338,11018,18243
Louisiana,22,2017,700601,16930,13264,21350,0,,14600,11225,18552
Louisiana,22,2018,719821,16853,13223,21282,0,,14632,11209,18604
Maine,23,2000,147295,2627,2091,3258,0,,2570,2050,3173
Maine,23,2001,148546,2795,2232,3441,0,,2733,2190,3344
Maine,23,2002,149796,3141,2529,3824,0,,3074,2490,3742
Maine,23,2003,151047,3277,2644,4013,0,,3199,2575,3924
Maine,23,2004,152298,3209,2591,3891,0,,3148,2540,3838
Maine,23,2005,153549,3666,3214,4169,0,,3601,3175,4089
Maine,23,2006,154799,4769,4769,4769,1,0,4650,4574,4702
Maine,23,2007,156050,4945,4945,4945,1,0,4733,4698,4754
Maine,23,2008,157301,4788,4788,4788,1,0,4647,4610,4672
Maine,23,2009,158551,4719,4719,4719,1,0,4581,4512,4629
Maine,23,2010,159802,5167,5167,5167,1,0,5019,4954,5063
Maine,23,2011,163454,5339,5339,5339,1,0,5190,5124,5234
Maine,23,2012,167106,5701,5701,5701,1,0,5549,5454,5616
Maine,23,2013,170758,6083,6083,6083,1,0,5916,5834,5972
Maine,23,2014,174409,6186,6186,6186,1,0,6001,5885,6081
Maine,23,2015,178061,5836,5836,5836,1,0,5698,5650,5729
Maine,23,2016,181713,5781,5781,5781,1,0,5633,5597,5657
Maine,23,2017,185365,5825,5825,5825,1,0,5645,5569,5695
Maine,23,2018,189017,5376,5376,5376,1,0,5264,5253,5271
Maryland,24,2000,639108,526999,520620,533511,1,1,207133,110416,316183
Maryland,24,2001,645261,499597,493549,505770,1,1,193380,102472,295771
Maryland,24,2002,651414,529808,523394,536354,1,1,206843,110299,316994
Maryland,24,2003,657567,530631,524208,537188,1,1,210756,112820,320237
Maryland,24,2004,663719,527032,520652,533545,1,1,229092,126623,337612
Maryland,24,2005,669872,532615,526168,539196,1,1,240945,135439,350768
Maryland,24,2006,676025,553053,546358,559887,1,1,245449,136595,360520
Maryland,24,2007,682178,590658,583508,597956,1,1,245137,133276,368149
Maryland,24,2008,688330,613108,605687,620684,1,1,253018,136641,378066
Maryland,24,2009,694483,605914,598580,613401,1,1,243923,131808,367452
Maryland,24,2010,700636,640838,633081,648756,1,1,255778,150191,376170
Maryland,24,2011,713433,618056,610575,625693,1,1,247278,144333,363698
Maryland,24,2012,726231,643427,635639,651377,1,1,254996,147779,378063
Maryland,24,2013,739028,645035,637227,653005,1,1,253907,148538,375080
Maryland,24,2014,751825,631112,623472,638910,1,1,245937,142910,365452
Maryland,24,2015,764623,638702,630995,646597,0,,242561,141159,360952
Maryland,24,2016,777420,651855,643964,659909,1,1,245521,141955,367874
Maryland,24,2017,790217,655019,647090,663112,1,1,268339,164554,390640
Maryland,24,2018,803015,558758,512928,596331,0,,238106,128986,355527
Massachusetts,25,2000,935528,27107,23350,31462,0,,25614,22112,29584
Massachusetts,25,2001,937967,31692,27257,36483,0,,29538,25508,33755
Massachusetts,25,2002,940406,33808,33808,33808,1,0,31188,29988,32019
Massachusetts,25,2003,942845,31153,31153,31153,1,0,29276,28080,30094
Massachusetts,25,2004,945284,30613,30613,30613,1,0,29127,28265,29724
Massachusetts,25,2005,947722,35709,35709,35709,1,0,33822,32821,34509
Massachusetts,25,2006,950161,35981,35981,35981,1,0,34093,32916,34889
Massachusetts,25,2007,952600,40360,40360,40360,1,0,37879,36389,38906
Massachusetts,25,2008,955039,38685,38685,38685,1,0,36379,35342,37096
Massachusetts,25,2009,957478,37051,37051,37051,1,0,34892,33778,35653
Massachusetts,25,2010,959917,39056,39056,39056,1,0,36747,35747,37451
Massachusetts,25,2011,972133,41559,41559,41559,1,0,39019,37867,39807
Massachusetts,25,2012,984348,40871,40871,40871,1,0,38573,38370,38708
Massachusetts,25,2013,996564,41812,41812,41812,1,0,39148,38815,39371
Massachusetts,25,2014,1008779,40946,40946,40946,1,0,38265,38164,38336
Massachusetts,25,2015,1020995,40140,40140,40140,1,0,37232,37232,37232
Massachusetts,25,2016,1033210,40503,40503,40503,1,0,37641,37615,37659
Massachusetts,25,2017,1045426,36596,31881,42000,0,,34273,29864,39184
Massachusetts,25,2018,1057641,37528,32668,42789,0,,35195,30601,40048
Michigan,26,2000,992537,99767,84095,118252,0,,79246,65767,94847
Michigan,26,2001,1001200,143670,120022,171146,0,,105417,85307,126377
Michigan,26,2002,1009863,159067,134504,187877,0,,116394,94656,140705
Michigan,26,2003,1018526,165743,140521,196643,0,,121805,99056,146543
Michigan,26,2004,1027189,168804,142571,200375,0,,128506,105734,154750
Michigan,26,2005,1035852,196579,169603,228568,0,,153027,126713,181086
Michigan,26,2006,1044514,201408,175288,232664,0,,155979,130596,182547
Michigan,26,2007,1053177,204325,177504,237246,0,,155039,128885,182580
Michigan,26,2008,1061840,209205,181158,242677,0,,158778,131319,187323
Michigan,26,2009,1070503,234219,203071,272842,0,,172060,141543,205238
Michigan,26,2010,1079166,211693,209121,214318,1,1,162105,144043,177700
Michigan,26,2011,1088376,226361,223612,229167,1,1,171303,152241,187706
Michigan,26,2012,1097586,223125,220416,225892,1,1,172510,163785,179960
Michigan,26,2013,1106796,220082,217409,222811,1,1,166069,161214,170052
Michigan,26,2014,1116005,212232,209654,214864,1,1,157035,151017,161822
Michigan,26,2015,1125215,202329,199871,204839,1,1,149337,140024,157341
Michigan,26,2016,1134425,193386,191036,195784,1,1,142474,133544,150114
Michigan,26,2017,1143635,193715,191361,196118,1,1,145847,127332,161525
Michigan,26,2018,1152845,191957,189625,194339,1,1,145337,126997,160614
Minnesota,27,2000,482262,9392,7806,11294,0,,8839,7301,10537
Minnesota,27,2001,490373,12989,10875,15551,0,,11956,9912,14303
Minnesota,27,2002,498483,15889,13395,18901,0,,14528,12010,17360
Minnesota,27,2003,506594,15550,13257,18277,0,,14302,11973,16995
Minnesota,27,2004,514704,16169,13726,19106,0,,15007,12613,17843
Minnesota,27,2005,522815,17015,14773,19679,0,,15931,13734,18392
Minnesota,27,2006,530926,18715,16131,21900,0,,17384,14839,20362
Minnesota,27,2007,539036,19255,16630,22432,0,,17786,15147,20874
Minnesota,27,2008,547147,19610,17023,22736,0,,18110,15508,21025
Minnesota,27,2009,555257,21880,21880,21880,1,0,19986,17881,21149
Minnesota,27,2010,563368,20261,20261,20261,1,0,18724,16953,19671
Minnesota,27,2011,570857,20534,20534,20534,1,0,18966,17196,19923
Minnesota,27,2012,578346,20257,20257,20257,1,0,18744,17043,19664
Minnesota,27,2013,585836,19500,19500,19500,1,0,18096,16525,18948
Minnesota,27,2014,593325,18016,18016,18016,1,0,16783,15394,17526
Minnesota,27,2015,600814,16794,16794,16794,1,0,15644,14351,16343
Minnesota,27,2016,608303,19642,17161,22604,0,,18042,15452,20882
Minnesota,27,2017,615792,17843,17843,17843,1,0,16588,15273,17295
Minnesota,27,2018,623281,17321,17321,17321,1,0,16186,14937,16859
Mississippi,28,2000,289467,41980,30618,56590,0,,35399,24242,48947
Mississippi,28,2001,294390,47739,34962,64189,0,,39192,26234,54120
Mississippi,28,2002,299313,49307,36178,66731,0,,40721,27421,56933
Mississippi,28,2003,304235,51476,37720,69375,0,,42418,28576,58434
Mississippi,28,2004,309158,53931,39383,72348,0,,45271,30772,62181
Mississippi,28,2005,314081,53551,39770,71236,0,,45963,32437,62046
Mississippi,28,2006,319004,55460,41041,73902,0,,47435,32925,64109
Mississippi,28,2007,323927,55367,41104,73926,0,,46790,32413,63499
Mississippi,28,2008,328849,55646,41090,73681,0,,47209,32881,64042
Mississippi,28,2009,333772,56840,41863,75569,0,,47682,32618,66059
Mississippi,28,2010,338695,57805,42433,77294,0,,48879,33864,67110
Mississippi,28,2011,344317,58551,43196,77738,0,,49449,34204,68756
Mississippi,28,2012,349939,58250,42972,77444,0,,49360,34608,67241
Mississippi,28,2013,355561,59171,43277,78913,0,,49970,34447,68239
Mississippi,28,2014,361183,59853,44474,79709,0,,50238,34873,68805
Mississippi,28,2015,366805,59616,44161,78197,0,,49585,33738,67772
Mississippi,28,2016,372427,58756,43455,77912,0,,48745,33423,66405
Mississippi,28,2017,378049,55100,42429,70656,0,,46345,32469,61571
Mississippi,28,2018,383671,56448,43485,73065,0,,47493,33224,63284
Missouri,29,2000,652445,28725,25386,32600,0,,26922,23799,30284
Missouri,29,2001,661401,32681,28827,37126,0,,30290,26737,34326
Missouri,29,2002,670356,34118,30125,38705,0,,31644,27787,35934
Missouri,29,2003,679312,37181,37138,37236,0,,34651,34439,34801
Missouri,29,2004,688267,39709,39670,39756,0,,37034,36846,37169
Missouri,29,2005,697223,42773,42773,42773,1,0,40098,39935,40209
Missouri,29,2006,706179,46922,46922,46922,1,0,43827,43813,43837
Missouri,29,2007,715134,49613,49613,49613,1,0,46414,46383,46436
Missouri,29,2008,724090,44711,44711,44711,1,0,41820,41216,42237
Missouri,29,2009,733045,42797,42797,42797,1,0,40052,39466,40482
Missouri,29,2010,742001,46174,46174,46174,1,0,43687,43670,43700
Missouri,29,2011,750476,45510,45510,45510,1,0,42427,40530,43737
Missouri,29,2012,758950,44780,44780,44780,1,0,41843,39977,43107
Missouri,29,2013,767425,43186,43186,43186,1,0,40406,38658,41594
Missouri,29,2014,775900,43429,43429,43429,1,0,40513,38694,41761
Missouri,29,2015,784374,42292,42292,42292,1,0,39334,37513,40564
Missouri,29,2016,792849,45307,45307,45307,1,0,42255,42195,42295
Missouri,29,2017,801324,45446,45435,45460,0,,41863,41796,41909
Missouri,29,2018,809798,45808,41018,51201,0,,42588,38043,47539
Montana,30,2000,110944,1608,1271,1992,0,,1545,1214,1933
Montana,30,2001,112969,1701,1343,2103,0,,1630,1280,2018
Montana,30,2002,114993,1757,1399,2182,0,,1685,1330,2093
Montana,30,2003,117018,1877,1497,2307,0,,1800,1442,2228
Montana,30,2004,119042,1912,1529,2360,0,,1844,1471,2280
Montana,30,2005,121067,2013,1629,2457,0,,1937,1557,2382
Montana,30,2006,123091,1972,1585,2390,0,,1900,1526,2319
Montana,30,2007,125116,1928,1554,2347,0,,1856,1494,2266
Montana,30,2008,127140,2104,1711,2541,0,,2024,1638,2449
Montana,30,2009,129165,2000,1615,2430,0,,1922,1545,2340
Montana,30,2010,131189,2089,1676,2555,0,,2006,1607,2459
Montana,30,2011,134533,2160,1738,2647,0,,2074,1663,2542
Montana,30,2012,137878,2155,1740,2607,0,,2075,1667,2506
Montana,30,2013,141222,2167,1752,2633,0,,2081,1675,2552
Montana,30,2014,144566,2197,1771,2675,0,,2109,1682,2571
Montana,30,2015,147911,2114,1704,2594,0,,2025,1630,2505
Montana,30,2016,151255,2128,1714,2592,0,,2038,1630,2491
Montana,30,2017,154599,2101,1694,2575,0,,2014,1610,2494
Montana,30,2018,157944,2092,1677,2550,0,,2012,1603,2464
Nebraska,31,2000,216867,8084,8013,8166,0,,7247,6747,7623
Nebraska,31,2001,218820,9103,9099,9120,0,,8320,8184,8418
Nebraska,31,2002,220774,9440,9436,9459,0,,8271,8241,8297
Nebraska,31,2003,222727,8445,8333,8561,0,,7683,7590,7783
Nebraska,31,2004,224680,8747,8631,8868,0,,8153,8051,8260
Nebraska,31,2005,226634,8924,8806,9046,0,,8160,8062,8266
Nebraska,31,2006,228587,9160,9038,9286,0,,8407,8304,8514
Nebraska,31,2007,230540,9654,9528,9785,0,,8810,8703,8926
Nebraska,31,2008,232493,9807,9680,9941,0,,8847,8741,8962
Nebraska,31,2009,234447,9099,8980,9223,0,,8264,8165,8370
Nebraska,31,2010,236400,9180,9058,9305,0,,8329,8226,8439
Nebraska,31,2011,242231,8987,8869,9110,0,,8144,8046,8249
Nebraska,31,2012,248061,8924,8807,9045,0,,8084,7988,8186
Nebraska,31,2013,253892,9347,9224,9475,0,,8406,8305,8517
Nebraska,31,2014,259722,9417,9293,9545,0,,8675,8570,8789
Nebraska,31,2015,265553,8678,8563,8799,0,,8029,7928,8135
Nebraska,31,2016,271383,9219,9215,9236,0,,8610,8590,8630
Nebraska,31,2017,277214,9677,7950,11787,0,,8796,7306,10565
Nebraska,31,2018,283044,10265,8370,12525,0,,9310,7713,11125
Nevada,32,2000,293918,36872,36872,36872,1,0,31986,30492,33221
Nevada,32,2001,306003,37687,37687,37687,1,0,31419,31137,31657
Nevada,32,2002,318088,39456,39456,39456,1,0,34197,33898,34442
Nevada,32,2003,330174,40480,40480,40480,1,0,34708,33235,35882
Nevada,32,2004,342259,40650,40650,40650,1,0,35252,34221,36043
Nevada,32,2005,354344,38072,38072,38072,1,0,32936,32311,33420
Nevada,32,2006,366429,39284,39284,39284,1,0,33633,32967,34132
Nevada,32,2007,378514,37815,37815,37815,1,0,32254,31576,32759
Nevada,32,2008,390600,34208,34208,34208,1,0,29666,29420,29863
Nevada,32,2009,402685,32532,32532,32532,1,0,28668,28424,28855
Nevada,32,2010,414770,34260,34260,34260,1,0,29868,29762,29944
Nevada,32,2011,425607,34254,34254,34254,1,0,30219,30122,30291
Nevada,32,2012,436444,39812,39812,39812,1,0,34441,34185,34620
Nevada,32,2013,447281,40475,40475,40475,1,0,34362,34335,34381
Nevada,32,2014,458118,42464,42464,42464,1,0,35738,35709,35757
Nevada,32,2015,468955,43739,43739,43739,1,0,36505,36442,36547
Nevada,32,2016,479792,45129,45129,45129,1,0,38975,35855,41314
Nevada,32,2017,490629,38943,28892,51178,0,,34035,25594,44132
Nevada,32,2018,501466,33810,25746,43726,0,,30111,23119,38738
New Hampshire,33,2000,143906,7239,7150,7330,1,1,6418,5060,7068
New Hampshire,33,2001,144581,7073,6986,7161,1,1,6239,4894,6903
New Hampshire,33,2002,145256,6926,6841,7013,1,1,6167,4903,6769
New Hampshire,33,2003,145931,7236,7147,7327,1,1,6427,5102,7067
New Hampshire,33,2004,146606,7605,7512,7700,1,1,6840,5547,7455
New Hampshire,33,2005,147282,7850,7754,7949,1,1,7084,5783,7700
New Hampshire,33,2006,147957,8332,8230,8437,1,1,7493,6080,8165
New Hampshire,33,2007,148632,8606,8501,8714,1,1,7641,6047,8400
New Hampshire,33,2008,149307,9666,9547,9786,1,1,8533,6698,9433
New Hampshire,33,2009,149982,9004,8894,9116,1,1,7950,6231,8786
New Hampshire,33,2010,150657,9064,8953,9177,1,1,8031,6371,8851
New Hampshire,33,2011,153575,9858,9738,9981,1,1,8658,6696,9609
New Hampshire,33,2012,156493,9605,9488,9725,1,1,8475,6621,9373
New Hampshire,33,2013,159411,9409,9294,9526,1,1,8310,6524,9175
New Hampshire,33,2014,162329,9367,9252,9484,1,1,8250,6447,9134
New Hampshire,33,2015,165247,8728,8622,8837,1,1,7693,5995,8508
New Hampshire,33,2016,168165,8230,8129,8333,1,1,7263,5690,8026
New Hampshire,33,2017,171083,7663,7569,7759,1,1,6822,5422,7491
New Hampshire,33,2018,174001,7429,7338,7522,1,1,6657,5345,7276
New Jersey,34,2000,1053172,88880,59165,118126,0,,68746,47613,90836
New Jersey,34,2001,1059044,126559,85873,165729,0,,90008,63527,118463
New Jersey,34,2002,1064917,140285,97676,180175,0,,99466,72236,129225
New Jersey,34,2003,1070789,130553,90062,168485,0,,94708,68386,122575
New Jersey,34,2004,1076661,132668,90643,173459,0,,99771,70914,129281
New Jersey,34,2005,1082534,156879,131346,183838,0,,116956,93755,140862
New Jersey,34,2006,1088406,157605,133889,183290,0,,117327,95587,140662
New Jersey,34,2007,1094278,149277,125584,174063,0,,110235,89217,132226
New Jersey,34,2008,1100150,156370,133494,181611,0,,115110,93117,137028
New Jersey,34,2009,1106023,172832,149217,199335,0,,122991,98302,147135
New Jersey,34,2010,1111895,181171,158390,207346,0,,129561,105616,153924
New Jersey,34,2011,1130833,185514,161614,212315,0,,132354,107348,157783
New Jersey,34,2012,1149771,184815,160982,210553,0,,132809,106981,158869
New Jersey,34,2013,1168709,174022,171913,176173,1,1,124652,123172,126189
New Jersey,34,2014,1187647,176437,174300,178619,1,1,126037,124549,127597
New Jersey,34,2015,1206585,169654,167599,171752,1,1,121722,120271,123223
New Jersey,34,2016,1225523,161703,159744,163703,1,1,117184,115788,118629
New Jersey,34,2017,1244461,157416,155509,159363,1,1,113919,112562,115324
New Jersey,34,2018,1263399,152272,150427,154156,1,1,108353,107062,109690
New Mexico,35,2000,203526,11908,11760,12058,0,,10373,9556,11041
New Mexico,35,2001,208101,11772,11626,11922,0,,10209,9375,10871
New Mexico,35,2002,212675,12036,11885,12189,0,,10699,10491,10868
New Mexico,35,2003,217250,13071,12911,13238,0,,11632,11435,11808
New Mexico,35,2004,221825,13373,13207,13542,1,1,11848,11667,12018
New Mexico,35,2005,226399,14941,14757,15130,1,1,13153,12967,13334
New Mexico,35,2006,230974,16902,16693,17116,0,,14748,14514,14958
New Mexico,35,2007,235549,17046,16593,17614,0,,14792,14364,15323
New Mexico,35,2008,240124,16607,16403,16816,0,,14198,13970,14401
New Mexico,35,2009,244698,15992,15794,16193,1,1,13730,13521,13923
New Mexico,35,2010,249273,16258,16058,16463,1,1,13746,13547,13937
New Mexico,35,2011,253642,16446,16243,16653,1,1,13906,13706,14101
New Mexico,35,2012,258010,16782,16575,16993,1,1,14179,13972,14374
New Mexico,35,2013,262379,17554,17338,17775,1,1,14917,14691,15127
New Mexico,35,2014,266747,16862,16654,17074,1,1,14208,13974,14420
New Mexico,35,2015,271116,16827,16619,17039,1,1,14948,14687,15182
New Mexico,35,2016,275484,17266,17053,17483,1,1,14941,13691,15923
New Mexico,35,2017,279853,17060,16850,17275,1,1,14816,13620,15748
New Mexico,35,2018,284221,17415,17200,17634,1,1,15112,13899,16079
New York,36,2000,3317694,402171,370408,444153,0,,303328,276702,338276
New York,36,2001,3327917,411813,377595,458386,0,,311746,283452,349279
New York,36,2002,3338139,465553,430464,512310,0,,328473,299204,367056
New York,36,2003,3348361,449789,408619,502028,0,,322606,287562,365744
New York,36,2004,3358584,398501,361832,446702,0,,305648,275225,344804
New York,36,2005,3368806,383584,351505,427096,0,,297790,270249,333893
New York,36,2006,3379029,383179,349680,428610,0,,300067,271168,338114
New York,36,2007,3389251,378081,345247,422134,0,,298267,250327,346232
New York,36,2008,3399473,354789,305767,416290,0,,284445,233964,339948
New York,36,2009,3409696,376403,344693,418032,0,,295189,248043,343651
New York,36,2010,3419918,332558,301570,375236,0,,274662,242390,312892
New York,36,2011,3451009,339829,309337,380055,0,,274912,237726,316220
New York,36,2012,3482100,336491,305643,377586,0,,272443,231504,316554
New York,36,2013,3513191,340525,309586,381997,0,,274672,233836,319273
New York,36,2014,3544281,337078,305633,379619,0,,270982,229153,315941
New York,36,2015,3575372,336936,305424,379358,0,,269912,229958,312204
New York,36,2016,3606463,326039,295089,366629,0,,264246,232280,302541
New York,36,2017,3637554,339705,283313,405214,0,,266805,216127,321196
New York,36,2018,3668645,331627,276646,396234,0,,263994,215806,319802
North Carolina,37,2000,959658,167781,167781,167781,1,0,103292,81691,123214
North Carolina,37,2001,988418,174220,174220,174220,1,0,101976,85034,118540
North Carolina,37,2002,1017177,177928,177865,178010,0,,104409,85997,121764
North Carolina,37,2003,1045937,180896,180896,180896,1,0,106580,89380,122671
North Carolina,37,2004,1074697,188658,188658,188658,1,0,122391,109273,134387
North Carolina,37,2005,1103457,188749,188749,188749,1,0,128911,124467,132900
North Carolina,37,2006,1132216,187831,187831,187831,1,0,132608,128069,136719
North Carolina,37,2007,1160976,192509,192509,192509,1,0,132992,121942,142822
North Carolina,37,2008,1189736,198824,198817,198834,0,,136113,127494,144114
North Carolina,37,2009,1218495,185899,185883,185919,0,,129599,127718,131368
North Carolina,37,2010,1247255,189559,189559,189559,1,0,130044,128916,131108
North Carolina,37,2011,1278859,190985,190985,190985,1,0,131448,130232,132597
North Carolina,37,2012,1310463,175815,175804,175830,0,,125218,124672,125645
North Carolina,37,2013,1342067,177253,177253,177253,1,0,125605,124449,126675
North Carolina,37,2014,1373670,174217,174217,174217,1,0,122404,121378,123324
North Carolina,37,2015,1405274,165318,165318,165318,1,0,115802,115436,116075
North Carolina,37,2016,1436878,166375,166375,166375,1,0,117221,116756,117569
North Carolina,37,2017,1468482,168847,168847,168847,1,0,121959,118629,124868
North Carolina,37,2018,1500086,175815,175815,175815,1,0,124409,119205,128863
North Dakota,38,2000,85853,585,585,585,1,0,565,527,583
North Dakota,38,2001,86993,654,654,654,1,0,629,578,650
North Dakota,38,2002,88132,737,737,737,1,0,710,656,733
North Dakota,38,2003,89272,681,681,681,1,0,659,612,678
North Dakota,38,2004,90411,723,723,723,1,0,700,650,720
North Dakota,38,2005,91551,704,704,704,1,0,685,645,701
North Dakota,38,2006,92691,778,778,778,1,0,754,703,774
North Dakota,38,2007,93830,704,704,704,1,0,682,637,701
North Dakota,38,2008,94970,661,661,661,1,0,641,599,658
North Dakota,38,2009,96109,694,694,694,1,0,672,624,691
North Dakota,38,2010,97249,749,749,749,1,0,723,668,745
North Dakota,38,2011,101400,859,859,859,1,0,827,760,854
North Dakota,38,2012,105552,947,947,947,1,0,910,836,941
North Dakota,38,2013,109703,1084,1084,1084,1,0,1038,948,1076
North Dakota,38,2014,113854,1438,1438,1438,1,0,1354,1197,1422
North Dakota,38,2015,118006,1618,1618,1618,1,0,1500,1295,1593
North Dakota,38,2016,122157,1831,1831,1831,1,0,1703,1475,1806
North Dakota,38,2017,126308,1252,1064,1472,0,,1191,991,1418
North Dakota,38,2018,130460,1268,1073,1501,0,,1207,996,1440
Ohio,39,2000,1373250,74466,66861,83475,0,,66224,59020,74253
Ohio,39,2001,1385163,95383,86164,105937,0,,82249,72566,92238
Ohio,39,2002,1397076,105661,105652,105672,0,,93307,92133,94186
Ohio,39,2003,1408989,105089,105082,105099,0,,92758,91679,93571
Ohio,39,2004,1420902,110593,110586,110603,0,,97761,96886,98417
Ohio,39,2005,1432815,115869,115861,115879,0,,102970,102527,103274
Ohio,39,2006,1444729,114639,114632,114648,0,,102264,101658,102700
Ohio,39,2007,1456642,116298,116291,116307,0,,103204,102630,103625
Ohio,39,2008,1468555,116187,116180,116196,0,,102579,102043,102963
Ohio,39,2009,1480468,108339,108332,108348,0,,95897,95692,96043
Ohio,39,2010,1492381,107056,107048,107066,0,,94705,94583,94794
Ohio,39,2011,1521123,112169,112160,112180,0,,99115,99099,99130
Ohio,39,2012,1549866,111933,111926,111942,0,,99078,99018,99122
Ohio,39,2013,1578608,113600,113592,113610,0,,100285,100215,100336
Ohio,39,2014,1607350,111359,111352,111369,0,,98808,96970,100046
Ohio,39,2015,1636093,109230,109223,109239,0,,96524,96485,96551
Ohio,39,2016,1664835,105636,105627,105647,0,,93526,91839,94689
Ohio,39,2017,1693577,107058,107058,107058,1,0,94851,91728,97166
Ohio,39,2018,1722320,106360,106325,106403,0,,93863,92251,95025
Oklahoma,40,2000,424034,17123,14083,20853,0,,15681,12771,19129
Oklahoma,40,2001,429500,19903,16378,24271,0,,17764,14317,21812
Oklahoma,40,2002,434965,23318,19215,28331,0,,20803,16736,25489
Oklahoma,40,2003,440431,24659,20451,29757,0,,21977,17509,26879
Oklahoma,40,2004,445896,24972,20586,30384,0,,22559,18149,27288
Oklahoma,40,2005,451362,28325,23402,34237,0,,25716,21024,31163
Oklahoma,40,2006,456828,27625,22727,33804,0,,25099,20346,30801
Oklahoma,40,2007,462293,27921,23195,33819,0,,25161,20324,30402
Oklahoma,40,2008,467759,27282,22549,33037,0,,24651,20133,30125
Oklahoma,40,2009,473224,27236,22988,32489,0,,24530,19904,29263
Oklahoma,40,2010,478690,25418,20927,30969,0,,22990,18782,27969
Oklahoma,40,2011,485762,30559,25531,36748,0,,27265,21912,32930
Oklahoma,40,2012,492833,29365,24667,34839,0,,26366,21390,31619
Oklahoma,40,2013,499905,30259,25172,36656,0,,27144,21842,32981
Oklahoma,40,2014,506977,31785,26470,37914,0,,28233,22725,34102
Oklahoma,40,2015,514048,31813,26427,37936,0,,28218,22688,34203
Oklahoma,40,2016,521120,31563,26034,38010,0,,28038,22518,33866
Oklahoma,40,2017,528192,31229,25634,38164,0,,27773,22253,34367
Oklahoma,40,2018,535263,31171,25418,38150,0,,27867,22377,34082
Oregon,41,2000,476772,24814,24783,24850,0,,20544,19745,21167
Oregon,41,2001,486540,24799,24787,24813,0,,20852,20330,21257
Oregon,41,2002,496308,25175,25175,25175,1,0,21296,20741,21733
Oregon,41,2003,506076,26443,26443,26443,1,0,22229,21531,22772
Oregon,41,2004,515844,28690,28688,28694,0,,24201,23480,24765
Oregon,41,2005,525613,28245,28243,28250,0,,24137,23514,24599
Oregon,41,2006,535381,27513,27513,27513,1,0,23615,23056,24045
Oregon,41,2007,545149,25684,25679,25690,0,,21983,21399,22427
Oregon,41,2008,554917,24726,24724,24729,0,,21117,20532,21565
Oregon,41,2009,564685,23060,23055,23065,0,,19579,19047,19979
Oregon,41,2010,574453,23510,23501,23522,0,,20191,19737,20530
Oregon,41,2011,587342,23453,23452,23458,0,,20445,20058,20730
Oregon,41,2012,600231,22062,21791,22339,0,,19348,19116,19591
Oregon,41,2013,613121,19830,19587,20081,0,,17430,17219,17650
Oregon,41,2014,626010,20748,20108,21512,0,,18272,17697,18926
Oregon,41,2015,638899,20563,19911,21356,0,,18159,17630,18758
Oregon,41,2016,651788,20405,19831,21094,0,,17607,17123,18150
Oregon,41,2017,664677,20362,19806,21030,0,,17994,17387,18633
Oregon,41,2018,677566,19555,19004,20227,0,,17247,16341,18057
Pennsylvania,42,2000,1370667,92558,91430,93710,1,1,77591,75150,79615
Pennsylvania,42,2001,1386318,96833,95653,98038,1,1,80246,77684,82364
Pennsylvania,42,2002,1401970,87710,86641,88802,1,1,73343,71951,74615
Pennsylvania,42,2003,1417621,92996,91863,94153,1,1,77489,75872,78947
Pennsylvania,42,2004,1433273,95783,94616,96974,1,1,80838,79310,82231
Pennsylvania,42,2005,1448924,99266,98057,100500,1,1,83919,82463,85292
Pennsylvania,42,2006,1464576,104629,103355,105930,1,1,87412,85815,88871
Pennsylvania,42,2007,1480228,106432,105137,107755,1,1,89217,79838,96402
Pennsylvania,42,2008,1495879,107167,105862,108499,1,1,89835,80551,97058
Pennsylvania,42,2009,1511531,101677,100439,102942,1,1,85556,78195,91551
Pennsylvania,42,2010,1527182,107726,106415,109065,1,1,89963,82066,96154
Pennsylvania,42,2011,1548489,112146,110781,113539,1,1,93321,84955,100022
Pennsylvania,42,2012,1569797,114193,112804,115612,1,1,94919,86581,101645
Pennsylvania,42,2013,1591104,116635,115216,118084,1,1,96743,86114,104975
Pennsylvania,42,2014,1612411,117165,115739,118621,1,1,96751,86031,105105
Pennsylvania,42,2015,1633719,114254,112863,115673,1,1,93806,83280,102186
Pennsylvania,42,2016,1655026,115310,113907,116742,1,1,93648,84465,101059
Pennsylvania,42,2017,1676333,121760,120278,123272,1,1,100165,90504,107941
Pennsylvania,42,2018,1697641,120152,118690,121644,1,1,98942,89283,106614
Rhode Island,44,2000,163268,7914,5475,11072,0,,7105,5019,9803
Rhode Island,44,2001,163206,8352,5955,11314,0,,7417,5405,10003
Rhode Island,44,2002,163144,8488,6010,11754,0,,7566,5456,10259
Rhode Island,44,2003,163082,8548,6103,11656,0,,7627,5525,10334
Rhode Island,44,2004,163020,8957,6294,12351,0,,8098,5826,10970
Rhode Island,44,2005,162958,9378,7217,12002,0,,8499,6626,10766
Rhode Island,44,2006,162896,8702,6786,11036,0,,7893,6191,9870
Rhode Island,44,2007,162834,9758,7521,12539,0,,8750,6834,11084
Rhode Island,44,2008,162772,9188,9188,9188,1,0,8319,7746,8723
Rhode Island,44,2009,162710,8228,8228,8228,1,0,7471,6989,7825
Rhode Island,44,2010,162648,8455,8455,8455,1,0,7699,7205,8051
Rhode Island,44,2011,164083,9519,9519,9519,1,0,8568,7966,9006
Rhode Island,44,2012,165517,9088,9088,9088,1,0,8208,7638,8619
Rhode Island,44,2013,166952,9155,9155,9155,1,0,8245,7672,8666
Rhode Island,44,2014,168386,8824,8824,8824,1,0,7949,7403,8353
Rhode Island,44,2015,169821,9056,9056,9056,1,0,8194,8158,8215
Rhode Island,44,2016,171255,8744,8744,8744,1,0,7763,7729,7781
Rhode Island,44,2017,172690,10993,10993,10993,1,0,9655,8835,10258
Rhode Island,44,2018,174124,11102,11102,11102,1,0,9959,9631,10190
South Carolina,45,2000,426237,100004,98550,101774,0,,60656,47332,73388
South Carolina,45,2001,438851,105616,103281,108501,0,,61267,47121,75120
South Carolina,45,2002,451465,108904,107235,111135,0,,64290,49423,78288
South Carolina,45,2003,464079,116349,116003,116735,0,,68193,52217,83242
South Carolina,45,2004,476693,121597,121350,121890,0,,74937,58746,90070
South Carolina,45,2005,489307,127452,127167,127783,0,,82699,66417,97694
South Carolina,45,2006,501920,129052,128762,129396,0,,83401,66383,98616
South Carolina,45,2007,514534,134138,133970,134347,0,,83614,65598,99838
South Carolina,45,2008,527148,145666,145552,145817,0,,88917,69639,107065
South Carolina,45,2009,539762,142781,142685,142912,0,,86275,67835,103764
South Carolina,45,2010,552376,148504,148504,148504,1,0,92422,92238,92560
South Carolina,45,2011,564722,150550,150550,150550,1,0,94389,94187,94531
South Carolina,45,2012,577068,151771,151771,151771,1,0,95541,92966,97849
South Carolina,45,2013,589415,151885,151885,151885,1,0,95326,88693,101372
South Carolina,45,2014,601761,151507,151507,151507,1,0,94552,93711,95257
South Carolina,45,2015,614107,145335,145335,145335,1,0,91713,84667,98269
South Carolina,45,2016,626453,164052,147988,181606,0,,95157,72659,117296
South Carolina,45,2017,638799,155657,140299,172542,0,,92678,71925,114100
South Carolina,45,2018,651145,151857,136504,169222,0,,92716,72326,113713
South Dakota,46,2000,92305,474,341,636,0,,457,331,612
South Dakota,46,2001,93347,528,387,702,0,,508,375,668
South Dakota,46,2002,94389,559,411,738,0,,537,395,712
South Dakota,46,2003,95431,575,431,752,0,,553,415,722
South Dakota,46,2004,96473,586,442,760,0,,567,431,732
South Dakota,46,2005,97515,649,517,813,0,,628,502,784
South Dakota,46,2006,98556,688,542,866,0,,666,526,834
South Dakota,46,2007,99598,709,560,893,0,,684,542,862
South Dakota,46,2008,100640,683,535,862,0,,659,518,835
South Dakota,46,2009,101682,586,464,743,0,,567,446,717
South Dakota,46,2010,102724,539,521,580,0,,522,485,563
South Dakota,46,2011,104596,757,737,802,0,,727,665,775
South Dakota,46,2012,106469,648,628,690,0,,626,579,667
South Dakota,46,2013,108341,648,628,692,0,,627,583,672
South Dakota,46,2014,110213,660,639,705,0,,638,589,681
South Dakota,46,2015,112086,670,649,717,0,,647,600,693
South Dakota,46,2016,113958,848,826,895,0,,815,747,869
South Dakota,46,2017,115830,766,616,948,0,,735,586,911
South Dakota,46,2018,117703,767,619,943,0,,738,594,913
Tennessee,47,2000,671542,43983,31017,60678,0,,39051,27668,53669
Tennessee,47,2001,683684,53260,38005,72950,0,,46164,32139,63633
Tennessee,47,2002,695825,52794,37705,72484,0,,46169,32521,62634
Tennessee,47,2003,707967,52502,36993,72061,0,,46372,32631,63429
Tennessee,47,2004,720109,55041,39046,76113,0,,49099,34908,67168
Tennessee,47,2005,732251,56690,40349,77900,0,,51198,36240,70683
Tennessee,47,2006,744393,59027,41914,81104,0,,53015,37628,72596
Tennessee,47,2007,756535,59769,42545,82096,0,,53279,37865,72767
Tennessee,47,2008,768676,59726,42554,81413,0,,53426,38140,72368
Tennessee,47,2009,780818,58498,41262,80734,0,,52175,36860,70951
Tennessee,47,2010,792960,58514,41608,80243,0,,52483,37132,70727
Tennessee,47,2011,813947,59834,42891,82222,0,,53560,38406,73470
Tennessee,47,2012,834933,58971,42133,80020,0,,53033,37137,71948
Tennessee,47,2013,855920,60985,43966,82888,0,,54643,39140,73963
Tennessee,47,2014,876907,61837,44047,85052,0,,55139,39352,74570
Tennessee,47,2015,897893,61786,44965,84866,0,,54911,39814,74646
Tennessee,47,2016,918880,60743,43504,83554,0,,53831,37874,73122
Tennessee,47,2017,939867,59437,41810,81710,0,,52861,37562,73004
Tennessee,47,2018,960853,61352,43835,83871,0,,54795,38781,74957
Texas,48,2000,2676395,127443,125572,129493,0,,111560,102748,118168
Texas,48,2001,2732514,142205,140521,144064,0,,123102,114919,129321
Texas,48,2002,2788632,164568,163074,166374,0,,140348,134214,144931
Texas,48,2003,2844751,164956,164232,165865,0,,142560,137079,146764
Texas,48,2004,2900869,180390,179714,181240,0,,157639,151821,161923
Texas,48,2005,2956988,184201,183460,185127,0,,162459,157033,166441
Texas,48,2006,3013106,197836,197036,198795,0,,174466,169025,178499
Texas,48,2007,3069225,207751,206941,208811,0,,182065,175651,186702
Texas,48,2008,3125343,211760,210932,212835,0,,184247,177648,189264
Texas,48,2009,3181462,213688,212917,214708,0,,184763,182307,186648
Texas,48,2010,3237580,222340,221550,223339,0,,189756,187716,191375
Texas,48,2011,3328726,225080,224258,226162,0,,191836,189175,193838
Texas,48,2012,3419873,232274,229401,235237,0,,197378,193622,200807
Texas,48,2013,3511019,234249,231292,237339,0,,197880,194111,201228
Texas,48,2014,3602165,234819,231845,237843,0,,198513,193477,202660
Texas,48,2015,3693312,229663,226762,232645,0,,194187,190156,197665
Texas,48,2016,3784458,232850,229808,235875,0,,199552,195866,202986
Texas,48,2017,3875604,245108,241970,248329,0,,207177,196235,215843
Texas,48,2018,3966751,254135,253517,254923,0,,216147,206751,223055
Utah,49,2000,199734,4183,3340,5254,0,,4017,3219,5005
Utah,49,2001,205716,5365,4303,6653,0,,5106,4113,6295
Utah,49,2002,211698,6200,4976,7766,0,,5877,4710,7261
Utah,49,2003,217680,6386,5098,7990,0,,6067,4874,7555
Utah,49,2004,223662,8211,8202,8223,0,,7794,7522,7985
Utah,49,2005,229645,8216,8206,8229,0,,7861,7624,8024
Utah,49,2006,235627,7881,7871,7894,0,,7576,7532,7607
Utah,49,2007,241609,7700,7689,7713,0,,7351,7292,7394
Utah,49,2008,247591,7581,7581,7581,1,0,7216,7171,7247
Utah,49,2009,253573,7782,7782,7782,1,0,7410,7363,7441
Utah,49,2010,259555,8610,8610,8610,1,0,8251,8182,8298
Utah,49,2011,266506,8722,8722,8722,1,0,8372,8302,8419
Utah,49,2012,273457,7572,7572,7572,1,0,7287,7277,7293
Utah,49,2013,280408,7610,7610,7610,1,0,7276,7207,7325
Utah,49,2014,287358,7464,7464,7464,1,0,7105,7101,7108
Utah,49,2015,294309,7384,7384,7384,1,0,7009,7003,7013
Utah,49,2016,301260,7193,7193,7193,1,0,6914,6903,6921
Utah,49,2017,308211,7315,7315,7315,1,0,6984,6764,7139
Utah,49,2018,315162,7060,7060,7060,1,0,6777,6767,6784
Vermont,50,2000,70850,872,571,1278,0,,849,566,1238
Vermont,50,2001,71268,968,656,1401,0,,937,643,1357
Vermont,50,2002,71687,978,665,1404,0,,949,650,1354
Vermont,50,2003,72105,1032,714,1466,0,,1003,696,1419
Vermont,50,2004,72524,1014,692,1448,0,,989,686,1409
Vermont,50,2005,72942,1417,1191,1684,0,,1377,1155,1642
Vermont,50,2006,73361,1465,1227,1747,0,,1420,1184,1688
Vermont,50,2007,73779,1438,1220,1693,0,,1393,1176,1634
Vermont,50,2008,74198,1459,1242,1703,0,,1415,1206,1657
Vermont,50,2009,74617,1345,1237,1480,0,,1305,1186,1445
Vermont,50,2010,75035,1423,1308,1564,0,,1379,1250,1521
Vermont,50,2011,75925,1611,1483,1771,0,,1558,1405,1719
Vermont,50,2012,76814,1683,1661,1706,1,1,1626,1515,1680
Vermont,50,2013,77704,1795,1772,1819,1,1,1731,1605,1791
Vermont,50,2014,78594,1813,1789,1837,1,1,1744,1613,1808
Vermont,50,2015,79483,1694,1672,1717,1,1,1630,1507,1690
Vermont,50,2016,80373,1787,1764,1811,1,1,1717,1584,1782
Vermont,50,2017,81263,1750,1727,1774,1,1,1684,1559,1745
Vermont,50,2018,82152,1750,1727,1774,1,1,1687,1560,1747
Virginia,51,2000,861234,120274,109002,133187,0,,79312,63766,94553
Virginia,51,2001,875198,129935,118315,142653,0,,82657,65261,99875
Virginia,51,2002,889162,144602,132008,158024,0,,91616,72872,109611
Virginia,51,2003,903125,148138,135168,161760,0,,94385,74980,112785
Virginia,51,2004,917089,156341,142790,171200,0,,103254,83032,122245
Virginia,51,2005,931053,162716,150440,175898,0,,109457,88563,128406
Virginia,51,2006,945017,163236,150495,177264,0,,109379,87854,128941
Virginia,51,2007,958981,148264,136162,161146,0,,99873,80705,117575
Virginia,51,2008,972944,164782,152272,178501,0,,109005,87559,128962
Virginia,51,2009,986908,159970,148131,172930,0,,105207,84353,124803
Virginia,51,2010,1000872,185510,183363,188803,0,,120628,103604,135995
Virginia,51,2011,1018193,188490,186326,191877,0,,120507,113472,126653
Virginia,51,2012,1035514,178161,176002,181652,0,,115071,110502,119194
Virginia,51,2013,1052835,183803,181582,187343,0,,115820,111774,119433
Virginia,51,2014,1070155,181257,178984,184917,0,,116847,112823,120469
Virginia,51,2015,1087476,174535,172248,177929,0,,113529,110287,116608
Virginia,51,2016,1104797,159298,156995,163231,0,,104553,102069,107189
Virginia,51,2017,1122118,169117,156484,182931,0,,109438,87456,130342
Virginia,51,2018,1139439,170070,156747,184830,0,,110835,87707,131801
Washington,53,2000,804389,17652,15324,20410,0,,16628,14449,19096
Washington,53,2001,818566,19036,16439,21887,0,,17826,15552,20439
Washington,53,2002,832742,18816,16292,21812,0,,17699,15393,20345
Washington,53,2003,846919,19955,17345,22927,0,,18718,16374,21382
Washington,53,2004,861096,22458,22458,22458,1,0,21348,21116,21507
Washington,53,2005,875272,22782,22782,22782,1,0,21755,21669,21813
Washington,53,2006,889449,21586,21586,21586,1,0,20628,20450,20758
Washington,53,2007,903626,20708,20708,20708,1,0,19628,19404,19779
Washington,53,2008,917803,19432,19432,19432,1,0,18423,18341,18476
Washington,53,2009,931979,18090,18074,18112,0,,17141,16975,17259
Washington,53,2010,946156,18372,18372,18372,1,0,17519,17349,17633
Washington,53,2011,961146,19866,19866,19866,1,0,18981,18781,19119
Washington,53,2012,976136,18059,18059,18059,1,0,17193,17030,17310
Washington,53,2013,991126,18828,18828,18828,1,0,18063,17958,18133
Washington,53,2014,1006116,20229,18366,22613,0,,19234,17570,21302
Washington,53,2015,1021106,20270,18388,22771,0,,19182,17536,21359
Washington,53,2016,1036096,18611,17048,20611,0,,17658,16219,19472
Washington,53,2017,1051086,18193,16674,20259,0,,17250,15900,19045
Washington,53,2018,1066076,16190,14986,17699,0,,15381,14256,16753
West Virginia,54,2000,182782,7085,2770,14839,0,,6629,2627,13375
West Virginia,54,2001,184786,8748,3521,17720,0,,8041,3317,15892
West Virginia,54,2002,186789,7637,3000,15964,0,,7131,2890,14095
West Virginia,54,2003,188793,9103,3643,18835,0,,8413,3448,16777
West Virginia,54,2004,190796,9146,3633,18692,0,,8548,3525,16961
West Virginia,54,2005,192800,10022,4044,20696,0,,9365,3864,18606
West Virginia,54,2006,194804,9932,4019,20373,0,,9305,3901,18654
West Virginia,54,2007,196807,10402,4190,21251,0,,9631,4017,18889
West Virginia,54,2008,198811,10295,4193,20736,0,,9531,4045,18498
West Virginia,54,2009,200814,10839,4451,21978,0,,9971,4273,19308
West Virginia,54,2010,202818,11207,4581,22560,0,,10318,4402,20092
West Virginia,54,2011,208427,11874,4848,24031,0,,10882,4639,20973
West Virginia,54,2012,214036,11950,4901,24173,0,,10966,4610,21225
West Virginia,54,2013,219645,12575,5179,25506,0,,11484,4914,22095
West Virginia,54,2014,225254,12942,5377,26323,0,,11769,5043,22650
West Virginia,54,2015,230863,13184,5525,26832,0,,11911,5158,22996
West Virginia,54,2016,236472,13630,5735,27452,0,,12290,5371,23554
West Virginia,54,2017,242081,12183,5067,24544,0,,11100,4823,21346
West Virginia,54,2018,247690,12181,4984,24640,0,,11141,4774,21504
Wisconsin,55,2000,658183,24177,24170,24186,0,,22760,22249,23121
Wisconsin,55,2001,665186,25187,25179,25197,0,,23884,23800,23946
Wisconsin,55,2002,672188,23688,23678,23700,0,,22130,22094,22156
Wisconsin,55,2003,679191,23610,23603,23618,0,,22363,22146,22515
Wisconsin,55,2004,686194,24118,24108,24131,0,,22767,22193,23161
Wisconsin,55,2005,693197,25548,25538,25560,0,,24748,24665,24808
Wisconsin,55,2006,700199,26740,26731,26752,0,,25938,25873,25985
Wisconsin,55,2007,707202,27295,27286,27307,0,,25499,25486,25513
Wisconsin,55,2008,714205,28313,28302,28325,0,,26096,26076,26112
Wisconsin,55,2009,721207,27726,27726,27726,1,0,25233,25214,25245
Wisconsin,55,2010,728210,26921,26913,26931,0,,24593,24577,24607
Wisconsin,55,2011,738132,27985,27976,27996,0,,25599,25590,25609
Wisconsin,55,2012,748053,28674,28665,28686,0,,26322,26307,26337
Wisconsin,55,2013,757975,28565,28565,28565,1,0,26233,26221,26241
Wisconsin,55,2014,767896,29648,29648,29648,1,0,27059,27057,27060
Wisconsin,55,2015,777818,27958,27958,27958,1,0,25588,25586,25589
Wisconsin,55,2016,787739,28496,28396,28619,0,,26011,25917,26124
Wisconsin,55,2017,797661,28772,28772,28772,1,0,25845,25834,25852
Wisconsin,55,2018,807582,28737,26227,31792,0,,26759,24279,29589
Wyoming,56,2000,58094,565,428,724,0,,546,418,701
Wyoming,56,2001,59265,651,490,837,0,,625,473,804
Wyoming,56,2002,60436,781,596,992,0,,746,569,951
Wyoming,56,2003,61606,846,646,1080,0,,809,618,1034
Wyoming,56,2004,62777,848,647,1094,0,,815,623,1048
Wyoming,56,2005,63948,916,736,1136,0,,881,712,1087
Wyoming,56,2006,65119,912,726,1136,0,,875,699,1087
Wyoming,56,2007,66290,923,733,1147,0,,884,700,1100
Wyoming,56,2008,67460,922,736,1135,0,,884,702,1093
Wyoming,56,2009,68631,1103,884,1372,0,,1050,835,1294
Wyoming,56,2010,69802,1134,913,1401,0,,1081,872,1331
Wyoming,56,2011,71751,1124,907,1372,0,,1071,863,1301
Wyoming,56,2012,73700,1067,885,1287,0,,1022,843,1231
Wyoming,56,2013,75649,1066,898,1264,0,,1022,857,1212
Wyoming,56,2014,77598,1308,1308,1308,1,0,1238,1130,1293
Wyoming,56,2015,79547,1329,1329,1329,1,0,1257,1144,1313
Wyoming,56,2016,81496,1464,1464,1464,1,0,1376,1246,1442
Wyoming,56,2017,83445,1400,1400,1400,1,0,1318,1188,1381
Wyoming,56,2018,85394,1282,1056,1549,0,,1218,1006,1474
